id,predicted
0,62078.42026093215
1,59750.5119047098
2,160369.63358011853
3,71236.65546834738
4,182515.60970599568
5,49602.79956119508
6,111933.9704848478
7,64604.5048191504
8,32682.201948107817
9,126905.31396631307
10,66408.03323848205
11,122456.28544333542
12,72960.4705792066
13,111643.28241240385
14,45220.81213242596
15,124717.5735050045
16,83872.2054023947
17,135106.76736350296
18,30046.44822961506
19,173996.90944087776
20,77648.57313687312
21,207924.16816222775
22,50271.771353878656
23,75428.56938404577
24,118509.46328973878
25,42898.25772634432
26,97082.70861383408
27,31639.96403942292
28,139931.55753897782
29,80966.96168393246
30,186814.47441800975
31,51282.94689180908
32,67397.06564010392
33,85650.59674684574
34,173587.81074155727
35,44554.60418142883
36,68754.81522284061
37,118707.02266992156
38,34485.796648199575
39,134448.51396483724
40,74556.14453612699
41,168634.15488852467
42,53963.86846584091
43,73966.79506379286
44,114973.97691809086
45,41421.57368953491
46,70271.58654941779
47,157040.870699519
48,126613.52039329163
49,40725.575428782
50,144195.2020942144
51,83649.90236858824
52,88811.66316593486
53,182831.4608071796
54,44948.63405962182
55,87479.27234984953
56,51884.85437877276
57,154476.07352477423
58,56966.0237752222
59,93385.439380225
60,148614.08304085728
61,53300.342854234
62,95012.62579868607
63,168275.59507142904
64,35358.515684561105
65,101122.7250163649
66,128766.78016845076
67,56281.408145913985
68,95120.99997424603
69,151406.7846031172
70,67277.5484607728
71,87760.92771644045
72,174075.18092261854
73,45425.15090958052
74,146168.4063231107
75,92909.42412687198
76,136704.10792551594
77,94172.4414496877
78,171570.4560961063
79,55221.7313403536
80,78687.1368201962
81,112321.63119033302
82,38019.52812595603
83,233083.67733507685
84,38055.962938332494
85,86383.68886320763
86,45398.917748124295
87,94305.49571326136
88,162884.928121318
89,56969.83785494245
90,107155.46908333362
91,45648.96727095096
92,119406.84028335393
93,182155.94565021317
94,69561.70429893049
95,90491.06731188593
96,153495.54360901297
97,34914.753334227134
98,101646.06750758941
99,132818.80909562073
100,55818.026330697074
101,95904.81840900976
102,158726.13828399716
103,61815.75995506342
104,117012.13885320608
105,187152.95037128922
106,49108.66935394316
107,75400.92316091723
108,125937.2550032744
109,53905.27266951403
110,128327.77313829254
111,90053.60833033427
112,141865.87757187773
113,94485.13378137448
114,22149.260143425476
115,92617.22915927076
116,106662.45270673654
117,151436.7129040248
118,41025.30848529491
119,115438.18235141528
120,115858.54114183492
121,199162.5861627891
122,56271.90725582075
123,94019.31916586107
124,150483.383261119
125,37048.907728140955
126,106532.82851355168
127,130371.20379374552
128,54052.64109375558
129,101915.00778591279
130,177052.46130391117
131,47901.403647690866
132,117320.97272946156
133,173886.9584417613
134,37874.039415406995
135,82347.1603406321
136,159186.8260303383
137,51003.91492248
138,74746.33192011497
139,120854.68548267885
140,42985.14148034648
141,127427.68061184027
142,60372.107949382684
143,147630.8269374207
144,43494.68514152239
145,90746.65732894841
146,146066.6941608437
147,60788.65717180091
148,95031.3802338748
149,164422.36964653304
150,40501.62945923224
151,117700.75175950647
152,145201.81529710512
153,38057.22324776174
154,107913.51626763497
155,124830.71070941829
156,54149.2848459964
157,103366.47304528469
158,194621.2149616744
159,42199.468213995264
160,103075.30540630518
161,179750.42221707402
162,42552.00579250974
163,88936.94901438788
164,128477.2573861708
165,38061.99063838723
166,113590.32687687065
167,159739.56347385305
168,48042.79024098975
169,105477.15579407396
170,171449.9989664991
171,43124.25118202874
173,135230.49624800234
174,43755.037320557116
175,91031.33495433316
176,149359.90341747686
177,54367.35248734377
178,96464.15547492412
179,172286.88329155662
180,37757.076119212514
181,113227.41238775995
182,142408.43657742708
183,46086.879487590006
184,85376.69777406054
185,127012.36385335977
186,90696.46903355594
187,92632.574187614
188,189757.5955921546
189,43325.68986147671
190,101010.3439581976
191,173196.86184230266
192,50490.92966212654
193,91117.60796394324
194,120188.9271267324
195,42985.14148034648
196,102989.8077358968
197,155292.42890648643
198,59577.07542762942
199,108408.9558003947
200,175804.20689920214
201,47572.15336235372
202,142796.64887846395
203,45622.94194266083
204,89588.55457218569
205,173272.34673906746
206,53818.732041058494
207,103728.08820182466
208,175516.68224839674
209,39650.524250360264
210,112433.76661749651
211,144885.31561587634
212,41230.80305088099
213,86064.26703299666
214,123376.49097138873
215,92702.8451442197
216,92665.2983093752
217,188355.0030523818
218,45193.594483580426
219,103187.51682094859
220,175428.58515798027
221,57677.02148273616
222,89847.69736260062
223,130037.79835735027
224,43823.33238382848
225,108326.13241937387
226,158207.15649338835
227,61066.49571495752
228,112509.7084669497
229,178603.81217236814
230,50250.05873500692
231,130351.78793114093
232,45622.94194266083
233,92892.65850431276
234,138911.99981474166
235,47635.740395952875
236,92265.5650079309
237,151744.49494351516
238,58180.95559923886
239,102431.8289057181
240,156800.67176198392
241,44756.92863428985
242,101616.59712667852
243,166801.2580810988
244,59119.548092028235
245,100335.00227042781
246,171633.18279885384
247,53995.765656499934
248,103400.06612123664
249,172263.72803960816
250,40500.71845750042
251,114092.33218291795
252,145435.94537246155
253,42002.38411015697
254,84578.27533137496
255,122619.90566700038
256,92050.78287576215
257,91971.28077023957
258,186447.34161236224
261,97934.3944936561
262,159739.56347385305
263,44204.92921797186
264,120955.47091057035
265,36843.173683990244
266,92052.41642188611
267,133281.53121519106
268,64202.35653809816
269,94087.55556560736
270,161161.8388433492
271,55104.667589034994
272,97184.66085504142
273,165298.86996666656
274,47686.829804616966
275,100536.70670694028
276,157769.3296137728
277,58394.529665645096
278,98841.6460792149
279,174805.15214454022
280,53232.596668240556
281,102989.8077358968
282,170030.16787397594
283,36989.998820534165
284,99057.82838193685
285,142408.43657742708
286,60505.99134815679
287,87799.08258194485
288,120672.2527051345
289,62069.525661976586
290,98596.15912922668
291,190352.94096465816
292,38208.24348171298
293,95332.48384469179
294,140999.15937214388
295,60952.19926746738
296,108499.9129400817
297,159069.88375435592
298,37878.99319637583
299,99093.95647924699
300,167349.2462999441
301,58942.312193941645
302,93090.13543695185
303,161258.17978854052
304,60482.848938638585
305,93679.3940332391
306,175804.20689920214
307,53232.596668240556
308,114792.08125902677
309,173196.86184230266
310,36989.998820534165
311,99057.82838193685
312,140102.11927269056
313,60952.19926746738
314,84664.15962702002
315,100734.80148535663
316,92702.8451442197
317,92052.41642188611
318,40500.71845750042
319,105493.66222129123
320,151962.14058255515
321,56318.26976697488
322,107595.56085100131
323,184643.58761063276
324,38526.36835635098
325,102006.23800589694
326,138391.46878657403
327,54156.45046651586
328,96320.2545359278
329,179750.42221707402
330,45528.703829821854
331,110815.14002887812
332,140640.1680520742
333,65343.07783808367
334,91267.5284551238
335,170030.16787397594
336,44321.305468123435
337,83996.32095354956
338,142878.84199544557
339,60372.107949382684
340,89941.68351886306
341,160294.11374639603
342,46449.21195416653
343,121885.6291882464
344,150483.383261119
345,59566.90950042781
346,87532.16607202457
347,165992.2325852969
348,40412.61132743277
349,98841.6460792149
350,150483.383261119
351,51711.56513603313
352,95693.21909254763
353,178501.48156973097
354,46344.3900732169
355,110815.14002887812
356,154835.02042570803
357,65018.31614775627
358,93506.61079911172
359,173196.86184230266
360,43461.84313899066
361,85991.56581700715
362,146759.82792335737
363,61815.75995506342
364,90796.19052251884
365,160683.57241823632
366,46864.774946361154
367,122490.35444373383
368,150679.0755979098
369,59582.51360970899
370,84664.15962702002
371,158842.19551889016
372,44321.305468123435
373,83389.31267479234
374,141880.894716918
